Feature,Original Mean,Original Std,Synthetic Mean,Synthetic Std,Synthetic Min,Synthetic Max
Gap,2.691538461538461,3.5413375207536255,2.1380108144138243,1.9034011789419232,0.267253528929124,12.739640904489296
Driver_TyreLife,17.846153846153847,13.594399299258953,16.799354412727098,9.495783248481521,1.1642333512171916,49.953289561094365
Ahead_TyreLife,18.076923076923077,12.539680607718434,16.46061511841369,8.516600461523952,1.19708002146063,49.9221492684906
Tyre_Advantage,0.23076923076923078,6.057417576187703,-0.33873929431340566,3.4231659228089657,-11.967469207028044,16.050190370485048
