Feature,Importance (%)
Gap,32.87153903199033
Tyre_Advantage,26.585977871344685
Ahead_TyreLife,20.46646402324352
Driver_TyreLife,20.07601907342146
