Feature,Original Mean,Original Std,Synthetic Mean,Synthetic Std,Synthetic Min,Synthetic Max
Gap,2.691538461538461,3.5413375207536255,2.206734388460872,2.171641120337813,0.2685500969565871,13.258427488474286
Driver_TyreLife,17.846153846153847,13.594399299258953,16.354996399881315,9.204207588775306,1.0683598241349865,48.877855474797656
Ahead_TyreLife,18.076923076923077,12.539680607718434,16.179038898003515,8.22586511393619,1.0820317889619837,48.41287674918511
Tyre_Advantage,0.23076923076923078,6.057417576187703,-0.17595750187779607,3.6099842948029086,-11.882083193946078,16.622859385484873
